
[
  {
    "id": 1,
    "name": "MyFawry",
    "image": ""
  },
  {
    "id": 2,
    "name": "CA",
    "image": ""
  },
  {
    "id": 3,
    "name": "NBK",
    "image": ""
  },
  {
    "id": 4,
    "name": "BM",
    "image": ""
  },
  {
    "id": 5,
    "name": "ADIB",
    "image": ""
  },
  {
    "id": 6,
    "name": "EBE",
    "image": ""
  },
  {
    "id": 7,
    "name": "SCB",
    "image": ""
  },
  {
    "id": 8,
    "name": "FIBE",
    "image": ""
  },
  {
    "id": 9,
    "name": "AUB",
    "image": ""
  },
  {
    "id": 10,
    "name": "AIB",
    "image": ""
  },
  {
    "id": 11,
    "name": "QNB",
    "image": ""
  },
  {
    "id": 12,
    "name": "WE",
    "image": ""
  },
  {
    "id": 13,
    "name": "DIB",
    "image": ""
  },
  {
    "id": 14,
    "name": "PhoneCash",
    "image": ""
  },
  {
    "id": 15,
    "name": "Gezira",
    "image": ""
  },
  {
    "id": 16,
    "name": "OryxHub",
    "image": ""
  }
]
